Year,Month,County ,2010 Census Population,Population 18+ Estimate,Registry Enrollments,% Eligible Population Enrolled,OPO,Location
2014,9,Albany,304204,236306,68708,29.08%,Center for Donation and Transplant in New York,"(42.678066, -73.814233)"
2014,9,Allegany,48946,38021,12339,32.45%,UNYTS,"(42.226801, -78.020567)"
2014,9,Bronx,1385108,1075952,133567,12.41%,New York Organ Donor Network,"(40.85589, -73.868294)"
2014,9,Broome,200600,155826,50682,32.52%,Center for Donation and Transplant in New York,"(42.122015, -75.933191)"
2014,9,Cattauragus,80317,62390,22278,35.71%,UNYTS,"(42.224267, -78.606673)"
2014,9,Cayuga,80026,62164,18245,29.35%,Finger Lakes Donor Recovery Network,"(42.940095, -76.560755)"
2014,9,Chautauqua,134905,104794,37787,36.06%,UNYTS,"(42.246904, -79.315313)"
2014,9,Chemung,88830,69003,25428,36.85%,Finger Lakes Donor Recovery Network,"(42.116644, -76.812331)"
2014,9,Chenango,50477,39211,10883,27.75%,Finger Lakes Donor Recovery Network,"(42.481798, -75.570013)"
2014,9,Clinton,82128,63797,21012,32.94%,Center for Donation and Transplant in New York,"(44.731944, -73.548883)"
2014,9,Columbia,63096,49013,17932,36.59%,Center for Donation and Transplant in New York,"(42.276913, -73.682168)"
2014,9,Cortland,49336,38324,12892,33.64%,Finger Lakes Donor Recovery Network,"(42.597101, -76.143291)"
2014,9,Delaware,47980,37271,10108,27.12%,Center for Donation and Transplant in New York,"(42.242972, -74.997944)"
2014,9,Dutchess,297488,231089,67416,29.17%,Center for Donation and Transplant in New York,"(41.686216, -73.840468)"
2014,9,Erie,919040,713910,241474,33.82%,UNYTS,"(42.888143, -78.795544)"
2014,9,Essex,39370,30583,11000,35.97%,Center for Donation and Transplant in New York,"(44.166026, -73.685145)"
2014,9,Franklin,51599,40082,12665,31.6%,Center for Donation and Transplant in New York,"(44.705699, -74.340621)"
2014,9,Fulton,55531,43136,11935,27.67%,Center for Donation and Transplant in New York,"(43.06014, -74.331296)"
2014,9,Genesee,60079,46669,16502,35.36%,UNYTS,"(43.000121, -78.172679)"
2014,9,Greene,49221,38235,12820,33.53%,Center for Donation and Transplant in New York,"(42.298326, -73.973376)"
2014,9,Hamilton,4836,3757,1378,36.68%,Center for Donation and Transplant in New York,"(43.618468, -74.395268)"
2014,9,Herkimer,64519,50118,16073,32.07%,Center for Donation and Transplant in New York,"(43.070026, -74.994246)"
2014,9,Jefferson,116229,90287,33637,37.26%,Finger Lakes Donor Recovery Network,"(44.019295, -75.898971)"
2014,9,Kings,2504700,1945651,278188,14.3%,New York Organ Donor Network,"(40.65642, -73.950691)"
2014,9,Lewis,27087,21041,7673,36.47%,Finger Lakes Donor Recovery Network,"(43.785537, -75.446296)"
2014,9,Livingston,65393,50797,16698,32.87%,Finger Lakes Donor Recovery Network,"(42.763754, -77.765392)"
2014,9,Madison,73442,57050,18265,32.02%,Finger Lakes Donor Recovery Network,"(42.986917, -75.720031)"
2014,9,Monroe,744344,578206,167836,29.03%,Finger Lakes Donor Recovery Network,"(43.161748, -77.620143)"
2014,9,Montgomery,50219,39010,10072,25.82%,Center for Donation and Transplant in New York,"(42.933637, -74.341972)"
2014,9,Nassau,1339532,1040548,218260,20.98%,New York Organ Donor Network,"(40.715749, -73.601185)"
2014,9,New York,1585873,1231906,377872,30.67%,New York Organ Donor Network,"(40.726966, -74.005966)"
2014,9,Niagara,216469,168153,64724,38.49%,UNYTS,"(43.134634, -78.856419)"
2014,9,Oneida,234878,182453,35261,19.33%,Center for Donation and Transplant in New York,"(43.149482, -75.361773)"
2014,9,Onondaga,467026,362786,116569,32.13%,Finger Lakes Donor Recovery Network,"(43.065629, -76.168033)"
2014,9,Ontario,107931,83841,32617,38.9%,Finger Lakes Donor Recovery Network,"(42.894571, -77.252045)"
2014,9,Orange,372813,289601,71140,24.56%,New York Organ Donor Network,"(41.422459, -74.241929)"
2014,9,Orleans,42883,33312,3007,9.03%,UNYTS,"(43.248394, -78.218438)"
2014,9,Oswego,122109,94854,27472,28.96%,Finger Lakes Donor Recovery Network,"(43.39123, -76.31133)"
2014,9,Otsego,62259,48363,16105,33.3%,Center for Donation and Transplant in New York,"(42.564852, -75.060334)"
2014,9,Out of State,0,0,177,0%,,
2014,9,Putnam,99710,77455,24360,31.45%,New York Organ Donor Network,"(41.41131, -73.717443)"
2014,9,Queens,2230722,1732825,199093,11.49%,New York Organ Donor Network,"(40.749338, -73.789673)"
2014,9,Rensselaer,159429,123844,37229,30.06%,Center for Donation and Transplant in New York,"(42.70098, -73.628669)"
2014,9,Richmond,468730,364109,58236,15.99%,New York Organ Donor Network,"(40.566763, -74.148102)"
2014,9,Rockland,311687,242118,47385,19.57%,New York Organ Donor Network,"(41.127287, -74.017033)"
2014,9,Saratoga,219607,170591,71525,41.93%,Center for Donation and Transplant in New York,"(43.00894, -73.786779)"
2014,9,Schenectady,154727,120192,42110,35.04%,Center for Donation and Transplant in New York,"(42.809233, -73.946838)"
2014,9,Schoharie,32749,25439,8417,33.09%,Center for Donation and Transplant in New York,"(42.643426, -74.434606)"
2014,9,Schuyler,18343,14249,4841,33.97%,Finger Lakes Donor Recovery Network,"(42.38593, -76.872032)"
2014,9,Seneca,35251,27383,4687,17.12%,Finger Lakes Donor Recovery Network,"(42.833627, -76.82753)"
2014,9,St Lawrence,111944,86958,21161,24.33%,Center for Donation and Transplant in New York,"(44.689468, -75.242045)"
2014,9,Steuben,98990,76895,26077,33.91%,Finger Lakes Donor Recovery Network,"(42.270053, -77.324618)"
2014,9,Suffolk,1493350,1160034,308183,26.57%,New York Organ Donor Network,"(40.820237, -73.119032)"
2014,9,Sullivan,77547,60239,14404,23.91%,Center for Donation and Transplant in New York,"(41.705166, -74.711705)"
2014,9,Tioga,51125,39714,13514,34.03%,Center for Donation and Transplant in New York,"(42.120252, -76.29595)"
2014,9,Tompkins,101564,78895,37601,47.66%,Finger Lakes Donor Recovery Network,"(42.461024, -76.478784)"
2014,9,Ulster,182493,141761,41890,29.55%,Center for Donation and Transplant in New York,"(41.848374, -74.099412)"
2014,9,Unknown,0,0,18858,0%,,
2014,9,Warren,65707,51041,13536,26.52%,Center for Donation and Transplant in New York,"(43.403024, -73.716044)"
2014,9,Washington,63216,49106,14054,28.62%,Center for Donation and Transplant in New York,"(43.289513, -73.454761)"
2014,9,Wayne,93772,72842,20257,27.81%,Finger Lakes Donor Recovery Network,"(43.144336, -77.117995)"
2014,9,Westchester,949113,737271,166559,22.59%,New York Organ Donor Network,"(41.039278, -73.805386)"
2014,9,Wyoming,42155,32746,11492,35.09%,UNYTS,"(42.723641, -78.204473)"
2014,9,Yates,25348,19690,6545,33.24%,Finger Lakes Donor Recovery Network,"(42.634338, -77.078311)"
2014,9,TOTAL NYS,19378102,15052907,3540711,23.52%,,
2014,10,Albany,304204,236306,69200,29.28%,Center for Donation and Transplant in New York,"(42.678066, -73.814233)"
2014,10,Allegany,48946,38021,12417,32.66%,UNYTS,"(42.226801, -78.020567)"
2014,10,Bronx,1385108,1075952,134938,12.54%,New York Organ Donor Network,"(40.85589, -73.868294)"
2014,10,Broome,200600,155826,50994,32.72%,Center for Donation and Transplant in New York,"(42.122015, -75.933191)"
2014,10,Cattauragus,80317,62390,22278,35.71%,UNYTS,"(42.224267, -78.606673)"
2014,10,Cayuga,80026,62164,18397,29.59%,Finger Lakes Donor Recovery Network,"(42.940095, -76.560755)"
2014,10,Chautauqua,134905,104794,37954,36.22%,UNYTS,"(42.246904, -79.315313)"
2014,10,Chemung,88830,69003,25611,37.12%,Finger Lakes Donor Recovery Network,"(42.116644, -76.812331)"
2014,10,Chenango,50477,39211,10962,27.96%,Finger Lakes Donor Recovery Network,"(42.481798, -75.570013)"
2014,10,Clinton,82128,63797,21125,33.11%,Center for Donation and Transplant in New York,"(44.731944, -73.548883)"
2014,10,Columbia,63096,49013,18058,36.84%,Center for Donation and Transplant in New York,"(42.276913, -73.682168)"
2014,10,Cortland,49336,38324,12942,33.77%,Finger Lakes Donor Recovery Network,"(42.597101, -76.143291)"
2014,10,Delaware,47980,37271,10180,27.31%,Center for Donation and Transplant in New York,"(42.242972, -74.997944)"
2014,10,Dutchess,297488,231089,68087,29.46%,Center for Donation and Transplant in New York,"(41.686216, -73.840468)"
2014,10,Erie,919040,713910,243315,34.08%,UNYTS,"(42.888143, -78.795544)"
2014,10,Essex,39370,30583,11077,36.22%,Center for Donation and Transplant in New York,"(44.166026, -73.685145)"
2014,10,Franklin,51599,40082,12743,31.79%,Center for Donation and Transplant in New York,"(44.705699, -74.340621)"
2014,10,Fulton,55531,43136,12002,27.82%,Center for Donation and Transplant in New York,"(43.06014, -74.331296)"
2014,10,Genesee,60079,46669,16601,35.57%,UNYTS,"(43.000121, -78.172679)"
2014,10,Greene,49221,38235,12907,33.76%,Center for Donation and Transplant in New York,"(42.298326, -73.973376)"
2014,10,Hamilton,4836,3757,1380,36.73%,Center for Donation and Transplant in New York,"(43.618468, -74.395268)"
2014,10,Herkimer,64519,50118,16197,32.32%,Center for Donation and Transplant in New York,"(43.070026, -74.994246)"
2014,10,Jefferson,116229,90287,33900,37.55%,Finger Lakes Donor Recovery Network,"(44.019295, -75.898971)"
2014,10,Kings,2504700,1945651,281308,14.46%,New York Organ Donor Network,"(40.65642, -73.950691)"
2014,10,Lewis,27087,21041,7706,36.62%,Finger Lakes Donor Recovery Network,"(43.785537, -75.446296)"
2014,10,Livingston,65393,50797,16816,33.1%,Finger Lakes Donor Recovery Network,"(42.763754, -77.765392)"
2014,10,Madison,73442,57050,18438,32.32%,Finger Lakes Donor Recovery Network,"(42.986917, -75.720031)"
2014,10,Monroe,744344,578206,169043,29.24%,Finger Lakes Donor Recovery Network,"(43.161748, -77.620143)"
2014,10,Montgomery,50219,39010,10127,25.96%,Center for Donation and Transplant in New York,"(42.933637, -74.341972)"
2014,10,Nassau,1339532,1040548,219691,21.11%,New York Organ Donor Network,"(40.715749, -73.601185)"
2014,10,New York,1585873,1231906,381303,30.95%,New York Organ Donor Network,"(40.726966, -74.005966)"
2014,10,Niagara,216469,168153,65111,38.72%,UNYTS,"(43.134634, -78.856419)"
2014,10,Oneida,234878,182453,35513,19.46%,Center for Donation and Transplant in New York,"(43.149482, -75.361773)"
2014,10,Onondaga,467026,362786,117390,32.36%,Finger Lakes Donor Recovery Network,"(43.065629, -76.168033)"
2014,10,Ontario,107931,83841,32873,39.21%,Finger Lakes Donor Recovery Network,"(42.894571, -77.252045)"
2014,10,Orange,372813,289601,71627,24.73%,New York Organ Donor Network,"(41.422459, -74.241929)"
2014,10,Orleans,42883,33312,3041,9.13%,UNYTS,"(43.248394, -78.218438)"
2014,10,Oswego,122109,94854,27683,29.18%,Finger Lakes Donor Recovery Network,"(43.39123, -76.31133)"
2014,10,Otsego,62259,48363,16180,33.46%,Center for Donation and Transplant in New York,"(42.564852, -75.060334)"
2014,10,Out of State,0,0,177,0%,,
2014,10,Putnam,99710,77455,24530,31.67%,New York Organ Donor Network,"(41.41131, -73.717443)"
2014,10,Queens,2230722,1732825,201142,11.61%,New York Organ Donor Network,"(40.749338, -73.789673)"
2014,10,Rensselaer,159429,123844,37531,30.31%,Center for Donation and Transplant in New York,"(42.70098, -73.628669)"
2014,10,Richmond,468730,364109,58714,16.13%,New York Organ Donor Network,"(40.566763, -74.148102)"
2014,10,Rockland,311687,242118,47764,19.73%,New York Organ Donor Network,"(41.127287, -74.017033)"
2014,10,Saratoga,219607,170591,72069,42.25%,Center for Donation and Transplant in New York,"(43.00894, -73.786779)"
2014,10,Schenectady,154727,120192,42377,35.26%,Center for Donation and Transplant in New York,"(42.809233, -73.946838)"
2014,10,Schoharie,32749,25439,8459,33.25%,Center for Donation and Transplant in New York,"(42.643426, -74.434606)"
2014,10,Schuyler,18343,14249,4878,34.23%,Finger Lakes Donor Recovery Network,"(42.38593, -76.872032)"
2014,10,Seneca,35251,27383,4714,17.22%,Finger Lakes Donor Recovery Network,"(42.833627, -76.82753)"
2014,10,St Lawrence,111944,86958,21161,24.33%,Center for Donation and Transplant in New York,"(44.689468, -75.242045)"
2014,10,Steuben,98990,76895,26260,34.15%,Finger Lakes Donor Recovery Network,"(42.270053, -77.324618)"
2014,10,Suffolk,1493350,1160034,309994,26.72%,New York Organ Donor Network,"(40.820237, -73.119032)"
2014,10,Sullivan,77547,60239,14483,24.04%,Center for Donation and Transplant in New York,"(41.705166, -74.711705)"
2014,10,Tioga,51125,39714,13617,34.29%,Center for Donation and Transplant in New York,"(42.120252, -76.29595)"
2014,10,Tompkins,101564,78895,37859,47.99%,Finger Lakes Donor Recovery Network,"(42.461024, -76.478784)"
2014,10,Ulster,182493,141761,42205,29.77%,Center for Donation and Transplant in New York,"(41.848374, -74.099412)"
2014,10,Unknown,0,0,19108,0%,,
2014,10,Warren,65707,51041,13621,26.69%,Center for Donation and Transplant in New York,"(43.403024, -73.716044)"
2014,10,Washington,63216,49106,14119,28.75%,Center for Donation and Transplant in New York,"(43.289513, -73.454761)"
2014,10,Wayne,93772,72842,20421,28.03%,Finger Lakes Donor Recovery Network,"(43.144336, -77.117995)"
2014,10,Westchester,949113,737271,167844,22.77%,New York Organ Donor Network,"(41.039278, -73.805386)"
2014,10,Wyoming,42155,32746,11548,35.27%,UNYTS,"(42.723641, -78.204473)"
2014,10,Yates,25348,19690,6570,33.37%,Finger Lakes Donor Recovery Network,"(42.634338, -77.078311)"
2014,10,TOTAL NYS,19378102,15052907,3568280,23.7%,,
2014,12,Albany,304204,236306,69901,29.58%,Center for Donation and Transplant in New York,"(42.678066, -73.814233)"
2014,12,Allegany,48946,38021,12508,32.9%,UNYTS,"(42.226801, -78.020567)"
2014,12,Bronx,1385108,1075952,136654,12.7%,New York Organ Donor Network,"(40.85589, -73.868294)"
2014,12,Broome,200600,155826,51478,33.04%,Center for Donation and Transplant in New York,"(42.122015, -75.933191)"
2014,12,Cattauragus,80317,62390,22278,35.71%,UNYTS,"(42.224267, -78.606673)"
2014,12,Cayuga,80026,62164,18630,29.97%,Finger Lakes Donor Recovery Network,"(42.940095, -76.560755)"
2014,12,Chautauqua,134905,104794,38152,36.41%,UNYTS,"(42.246904, -79.315313)"
2014,12,Chemung,88830,69003,25828,37.43%,Finger Lakes Donor Recovery Network,"(42.116644, -76.812331)"
2014,12,Chenango,50477,39211,11094,28.29%,Finger Lakes Donor Recovery Network,"(42.481798, -75.570013)"
2014,12,Clinton,82128,63797,21297,33.38%,Center for Donation and Transplant in New York,"(44.731944, -73.548883)"
2014,12,Columbia,63096,49013,18240,37.21%,Center for Donation and Transplant in New York,"(42.276913, -73.682168)"
2014,12,Cortland,49336,38324,13034,34.01%,Finger Lakes Donor Recovery Network,"(42.597101, -76.143291)"
2014,12,Delaware,47980,37271,10284,27.59%,Center for Donation and Transplant in New York,"(42.242972, -74.997944)"
2014,12,Dutchess,297488,231089,68826,29.78%,Center for Donation and Transplant in New York,"(41.686216, -73.840468)"
2014,12,Erie,919040,713910,245721,34.42%,UNYTS,"(42.888143, -78.795544)"
2014,12,Essex,39370,30583,11168,36.52%,Center for Donation and Transplant in New York,"(44.166026, -73.685145)"
2014,12,Franklin,51599,40082,12839,32.03%,Center for Donation and Transplant in New York,"(44.705699, -74.340621)"
2014,12,Fulton,55531,43136,12094,28.04%,Center for Donation and Transplant in New York,"(43.06014, -74.331296)"
2014,12,Genesee,60079,46669,16753,35.9%,UNYTS,"(43.000121, -78.172679)"
2014,12,Greene,49221,38235,13011,34.03%,Center for Donation and Transplant in New York,"(42.298326, -73.973376)"
2014,12,Hamilton,4836,3757,1394,37.1%,Center for Donation and Transplant in New York,"(43.618468, -74.395268)"
2014,12,Herkimer,64519,50118,16343,32.61%,Center for Donation and Transplant in New York,"(43.070026, -74.994246)"
2014,12,Jefferson,116229,90287,34307,38%,Finger Lakes Donor Recovery Network,"(44.019295, -75.898971)"
2014,12,Kings,2504700,1945651,285807,14.69%,New York Organ Donor Network,"(40.65642, -73.950691)"
2014,12,Lewis,27087,21041,7757,36.87%,Finger Lakes Donor Recovery Network,"(43.785537, -75.446296)"
2014,12,Livingston,65393,50797,16981,33.43%,Finger Lakes Donor Recovery Network,"(42.763754, -77.765392)"
2014,12,Madison,73442,57050,18625,32.65%,Finger Lakes Donor Recovery Network,"(42.986917, -75.720031)"
2014,12,Monroe,744344,578206,170751,29.53%,Finger Lakes Donor Recovery Network,"(43.161748, -77.620143)"
2014,12,Montgomery,50219,39010,10231,26.23%,Center for Donation and Transplant in New York,"(42.933637, -74.341972)"
2014,12,Nassau,1339532,1040548,221647,21.3%,New York Organ Donor Network,"(40.715749, -73.601185)"
2014,12,New York,1585873,1231906,386272,31.36%,New York Organ Donor Network,"(40.726966, -74.005966)"
2014,12,Niagara,216469,168153,65587,39%,UNYTS,"(43.134634, -78.856419)"
2014,12,Oneida,234878,182453,35847,19.65%,Center for Donation and Transplant in New York,"(43.149482, -75.361773)"
2014,12,Onondaga,467026,362786,118428,32.64%,Finger Lakes Donor Recovery Network,"(43.065629, -76.168033)"
2014,12,Ontario,107931,83841,33186,39.58%,Finger Lakes Donor Recovery Network,"(42.894571, -77.252045)"
2014,12,Orange,372813,289601,72393,25%,New York Organ Donor Network,"(41.422459, -74.241929)"
2014,12,Orleans,42883,33312,3097,9.3%,UNYTS,"(43.248394, -78.218438)"
2014,12,Oswego,122109,94854,27938,29.45%,Finger Lakes Donor Recovery Network,"(43.39123, -76.31133)"
2014,12,Otsego,62259,48363,16302,33.71%,Center for Donation and Transplant in New York,"(42.564852, -75.060334)"
2014,12,Out of State,0,0,179,0%,,
2014,12,Putnam,99710,77455,24759,31.97%,New York Organ Donor Network,"(41.41131, -73.717443)"
2014,12,Queens,2230722,1732825,203903,11.77%,New York Organ Donor Network,"(40.749338, -73.789673)"
2014,12,Rensselaer,159429,123844,37903,30.61%,Center for Donation and Transplant in New York,"(42.70098, -73.628669)"
2014,12,Richmond,468730,364109,59393,16.31%,New York Organ Donor Network,"(40.566763, -74.148102)"
2014,12,Rockland,311687,242118,48254,19.93%,New York Organ Donor Network,"(41.127287, -74.017033)"
2014,12,Saratoga,219607,170591,72732,42.64%,Center for Donation and Transplant in New York,"(43.00894, -73.786779)"
2014,12,Schenectady,154727,120192,42703,35.53%,Center for Donation and Transplant in New York,"(42.809233, -73.946838)"
2014,12,Schoharie,32749,25439,8498,33.41%,Center for Donation and Transplant in New York,"(42.643426, -74.434606)"
2014,12,Schuyler,18343,14249,4921,34.54%,Finger Lakes Donor Recovery Network,"(42.38593, -76.872032)"
2014,12,Seneca,35251,27383,4760,17.38%,Finger Lakes Donor Recovery Network,"(42.833627, -76.82753)"
2014,12,St Lawrence,111944,86958,21161,24.33%,Center for Donation and Transplant in New York,"(44.689468, -75.242045)"
2014,12,Steuben,98990,76895,26489,34.45%,Finger Lakes Donor Recovery Network,"(42.270053, -77.324618)"
2014,12,Suffolk,1493350,1160034,312534,26.94%,New York Organ Donor Network,"(40.820237, -73.119032)"
2014,12,Sullivan,77547,60239,14647,24.31%,Center for Donation and Transplant in New York,"(41.705166, -74.711705)"
2014,12,Tioga,51125,39714,13718,34.54%,Center for Donation and Transplant in New York,"(42.120252, -76.29595)"
2014,12,Tompkins,101564,78895,38239,48.47%,Finger Lakes Donor Recovery Network,"(42.461024, -76.478784)"
2014,12,Ulster,182493,141761,42694,30.12%,Center for Donation and Transplant in New York,"(41.848374, -74.099412)"
2014,12,Unknown,0,0,19492,0%,,
2014,12,Warren,65707,51041,13727,26.89%,Center for Donation and Transplant in New York,"(43.403024, -73.716044)"
2014,12,Washington,63216,49106,14228,28.97%,Center for Donation and Transplant in New York,"(43.289513, -73.454761)"
2014,12,Wayne,93772,72842,20617,28.3%,Finger Lakes Donor Recovery Network,"(43.144336, -77.117995)"
2014,12,Westchester,949113,737271,169528,22.99%,New York Organ Donor Network,"(41.039278, -73.805386)"
2014,12,Wyoming,42155,32746,11611,35.46%,UNYTS,"(42.723641, -78.204473)"
2014,12,Yates,25348,19690,6624,33.64%,Finger Lakes Donor Recovery Network,"(42.634338, -77.078311)"
2014,12,TOTAL NYS,19378102,15052907,3605997,23.96%,,
2015,1,Albany,304204,236306,70222,29.72%,Center for Donation and Transplant in New York,"(42.678066, -73.814233)"
2015,1,Allegany,48946,38021,12569,33.06%,UNYTS,"(42.226801, -78.020567)"
2015,1,Bronx,1385108,1075952,137616,12.79%,New York Organ Donor Network,"(40.85589, -73.868294)"
2015,1,Broome,200600,155826,51705,33.18%,Center for Donation and Transplant in New York,"(42.122015, -75.933191)"
2015,1,Cattauragus,80317,62390,22278,35.71%,UNYTS,"(42.224267, -78.606673)"
2015,1,Cayuga,80026,62164,18723,30.12%,Finger Lakes Donor Recovery Network,"(42.940095, -76.560755)"
2015,1,Chautauqua,134905,104794,38250,36.5%,UNYTS,"(42.246904, -79.315313)"
2015,1,Chemung,88830,69003,25936,37.59%,Finger Lakes Donor Recovery Network,"(42.116644, -76.812331)"
2015,1,Chenango,50477,39211,11160,28.46%,Finger Lakes Donor Recovery Network,"(42.481798, -75.570013)"
2015,1,Clinton,82128,63797,21397,33.54%,Center for Donation and Transplant in New York,"(44.731944, -73.548883)"
2015,1,Columbia,63096,49013,18325,37.39%,Center for Donation and Transplant in New York,"(42.276913, -73.682168)"
2015,1,Cortland,49336,38324,13097,34.17%,Finger Lakes Donor Recovery Network,"(42.597101, -76.143291)"
2015,1,Delaware,47980,37271,10341,27.75%,Center for Donation and Transplant in New York,"(42.242972, -74.997944)"
2015,1,Dutchess,297488,231089,69179,29.94%,Center for Donation and Transplant in New York,"(41.686216, -73.840468)"
2015,1,Erie,919040,713910,246891,34.58%,UNYTS,"(42.888143, -78.795544)"
2015,1,Essex,39370,30583,11213,36.66%,Center for Donation and Transplant in New York,"(44.166026, -73.685145)"
2015,1,Franklin,51599,40082,12882,32.14%,Center for Donation and Transplant in New York,"(44.705699, -74.340621)"
2015,1,Fulton,55531,43136,12153,28.17%,Center for Donation and Transplant in New York,"(43.06014, -74.331296)"
2015,1,Genesee,60079,46669,16813,36.03%,UNYTS,"(43.000121, -78.172679)"
2015,1,Greene,49221,38235,13075,34.2%,Center for Donation and Transplant in New York,"(42.298326, -73.973376)"
2015,1,Hamilton,4836,3757,1396,37.16%,Center for Donation and Transplant in New York,"(43.618468, -74.395268)"
2015,1,Herkimer,64519,50118,16399,32.72%,Center for Donation and Transplant in New York,"(43.070026, -74.994246)"
2015,1,Jefferson,116229,90287,34488,38.2%,Finger Lakes Donor Recovery Network,"(44.019295, -75.898971)"
2015,1,Kings,2504700,1945651,288033,14.8%,New York Organ Donor Network,"(40.65642, -73.950691)"
2015,1,Lewis,27087,21041,7807,37.1%,Finger Lakes Donor Recovery Network,"(43.785537, -75.446296)"
2015,1,Livingston,65393,50797,17055,33.57%,Finger Lakes Donor Recovery Network,"(42.763754, -77.765392)"
2015,1,Madison,73442,57050,18751,32.87%,Finger Lakes Donor Recovery Network,"(42.986917, -75.720031)"
2015,1,Monroe,744344,578206,171558,29.67%,Finger Lakes Donor Recovery Network,"(43.161748, -77.620143)"
2015,1,Montgomery,50219,39010,10285,26.37%,Center for Donation and Transplant in New York,"(42.933637, -74.341972)"
2015,1,Nassau,1339532,1040548,222603,21.39%,New York Organ Donor Network,"(40.715749, -73.601185)"
2015,1,New York,1585873,1231906,388924,31.57%,New York Organ Donor Network,"(40.726966, -74.005966)"
2015,1,Niagara,216469,168153,65835,39.15%,UNYTS,"(43.134634, -78.856419)"
2015,1,Oneida,234878,182453,35985,19.72%,Center for Donation and Transplant in New York,"(43.149482, -75.361773)"
2015,1,Onondaga,467026,362786,118995,32.8%,Finger Lakes Donor Recovery Network,"(43.065629, -76.168033)"
2015,1,Ontario,107931,83841,33336,39.76%,Finger Lakes Donor Recovery Network,"(42.894571, -77.252045)"
2015,1,Orange,372813,289601,72736,25.12%,New York Organ Donor Network,"(41.422459, -74.241929)"
2015,1,Orleans,42883,33312,3115,9.35%,UNYTS,"(43.248394, -78.218438)"
2015,1,Oswego,122109,94854,28069,29.59%,Finger Lakes Donor Recovery Network,"(43.39123, -76.31133)"
2015,1,Otsego,62259,48363,16363,33.83%,Center for Donation and Transplant in New York,"(42.564852, -75.060334)"
2015,1,Out of State,0,0,180,0%,,
2015,1,Putnam,99710,77455,24870,32.11%,New York Organ Donor Network,"(41.41131, -73.717443)"
2015,1,Queens,2230722,1732825,205417,11.85%,New York Organ Donor Network,"(40.749338, -73.789673)"
2015,1,Rensselaer,159429,123844,38103,30.77%,Center for Donation and Transplant in New York,"(42.70098, -73.628669)"
2015,1,Richmond,468730,364109,59731,16.4%,New York Organ Donor Network,"(40.566763, -74.148102)"
2015,1,Rockland,311687,242118,48534,20.05%,New York Organ Donor Network,"(41.127287, -74.017033)"
2015,1,Saratoga,219607,170591,73082,42.84%,Center for Donation and Transplant in New York,"(43.00894, -73.786779)"
2015,1,Schenectady,154727,120192,42901,35.69%,Center for Donation and Transplant in New York,"(42.809233, -73.946838)"
2015,1,Schoharie,32749,25439,8521,33.5%,Center for Donation and Transplant in New York,"(42.643426, -74.434606)"
2015,1,Schuyler,18343,14249,4944,34.7%,Finger Lakes Donor Recovery Network,"(42.38593, -76.872032)"
2015,1,Seneca,35251,27383,4786,17.48%,Finger Lakes Donor Recovery Network,"(42.833627, -76.82753)"
2015,1,St Lawrence,111944,86958,21161,24.33%,Center for Donation and Transplant in New York,"(44.689468, -75.242045)"
2015,1,Steuben,98990,76895,26596,34.59%,Finger Lakes Donor Recovery Network,"(42.270053, -77.324618)"
2015,1,Suffolk,1493350,1160034,313862,27.06%,New York Organ Donor Network,"(40.820237, -73.119032)"
2015,1,Sullivan,77547,60239,14729,24.45%,Center for Donation and Transplant in New York,"(41.705166, -74.711705)"
2015,1,Tioga,51125,39714,13777,34.69%,Center for Donation and Transplant in New York,"(42.120252, -76.29595)"
2015,1,Tompkins,101564,78895,38398,48.67%,Finger Lakes Donor Recovery Network,"(42.461024, -76.478784)"
2015,1,Ulster,182493,141761,42885,30.25%,Center for Donation and Transplant in New York,"(41.848374, -74.099412)"
2015,1,Unknown,0,0,19670,0%,,
2015,1,Warren,65707,51041,13764,26.97%,Center for Donation and Transplant in New York,"(43.403024, -73.716044)"
2015,1,Washington,63216,49106,14285,29.09%,Center for Donation and Transplant in New York,"(43.289513, -73.454761)"
2015,1,Wayne,93772,72842,20723,28.45%,Finger Lakes Donor Recovery Network,"(43.144336, -77.117995)"
2015,1,Westchester,949113,737271,170351,23.11%,New York Organ Donor Network,"(41.039278, -73.805386)"
2015,1,Wyoming,42155,32746,11666,35.63%,UNYTS,"(42.723641, -78.204473)"
2015,1,Yates,25348,19690,6655,33.8%,Finger Lakes Donor Recovery Network,"(42.634338, -77.078311)"
2015,1,TOTAL NYS,19378102,15052907,3625149,24.08%,,
2015,2,Albany,304204,236306,70431,29.8%,Center for Donation and Transplant in New York,"(42.678066, -73.814233)"
2015,2,Allegany,48946,38021,12624,33.2%,UNYTS,"(42.226801, -78.020567)"
2015,2,Bronx,1385108,1075952,138305,12.85%,New York Organ Donor Network,"(40.85589, -73.868294)"
2015,2,Broome,200600,155826,51826,33.26%,Center for Donation and Transplant in New York,"(42.122015, -75.933191)"
2015,2,Cattauragus,80317,62390,22278,35.71%,UNYTS,"(42.224267, -78.606673)"
2015,2,Cayuga,80026,62164,18779,30.21%,Finger Lakes Donor Recovery Network,"(42.940095, -76.560755)"
2015,2,Chautauqua,134905,104794,38313,36.56%,UNYTS,"(42.246904, -79.315313)"
2015,2,Chemung,88830,69003,25995,37.67%,Finger Lakes Donor Recovery Network,"(42.116644, -76.812331)"
2015,2,Chenango,50477,39211,11187,28.53%,Finger Lakes Donor Recovery Network,"(42.481798, -75.570013)"
2015,2,Clinton,82128,63797,21468,33.65%,Center for Donation and Transplant in New York,"(44.731944, -73.548883)"
2015,2,Columbia,63096,49013,18388,37.52%,Center for Donation and Transplant in New York,"(42.276913, -73.682168)"
2015,2,Cortland,49336,38324,13127,34.25%,Finger Lakes Donor Recovery Network,"(42.597101, -76.143291)"
2015,2,Delaware,47980,37271,10371,27.83%,Center for Donation and Transplant in New York,"(42.242972, -74.997944)"
2015,2,Dutchess,297488,231089,69399,30.03%,Center for Donation and Transplant in New York,"(41.686216, -73.840468)"
2015,2,Erie,919040,713910,247671,34.69%,UNYTS,"(42.888143, -78.795544)"
2015,2,Essex,39370,30583,11237,36.74%,Center for Donation and Transplant in New York,"(44.166026, -73.685145)"
2015,2,Franklin,51599,40082,12914,32.22%,Center for Donation and Transplant in New York,"(44.705699, -74.340621)"
2015,2,Fulton,55531,43136,12182,28.24%,Center for Donation and Transplant in New York,"(43.06014, -74.331296)"
2015,2,Genesee,60079,46669,16853,36.11%,UNYTS,"(43.000121, -78.172679)"
2015,2,Greene,49221,38235,13109,34.29%,Center for Donation and Transplant in New York,"(42.298326, -73.973376)"
2015,2,Hamilton,4836,3757,1401,37.29%,Center for Donation and Transplant in New York,"(43.618468, -74.395268)"
2015,2,Herkimer,64519,50118,16452,32.83%,Center for Donation and Transplant in New York,"(43.070026, -74.994246)"
2015,2,Jefferson,116229,90287,34614,38.34%,Finger Lakes Donor Recovery Network,"(44.019295, -75.898971)"
2015,2,Kings,2504700,1945651,289706,14.89%,New York Organ Donor Network,"(40.65642, -73.950691)"
2015,2,Lewis,27087,21041,7830,37.21%,Finger Lakes Donor Recovery Network,"(43.785537, -75.446296)"
2015,2,Livingston,65393,50797,17097,33.66%,Finger Lakes Donor Recovery Network,"(42.763754, -77.765392)"
2015,2,Madison,73442,57050,18817,32.98%,Finger Lakes Donor Recovery Network,"(42.986917, -75.720031)"
2015,2,Monroe,744344,578206,172054,29.76%,Finger Lakes Donor Recovery Network,"(43.161748, -77.620143)"
2015,2,Montgomery,50219,39010,10317,26.45%,Center for Donation and Transplant in New York,"(42.933637, -74.341972)"
2015,2,Nassau,1339532,1040548,223270,21.46%,New York Organ Donor Network,"(40.715749, -73.601185)"
2015,2,New York,1585873,1231906,390562,31.7%,New York Organ Donor Network,"(40.726966, -74.005966)"
2015,2,Niagara,216469,168153,66021,39.26%,UNYTS,"(43.134634, -78.856419)"
2015,2,Oneida,234878,182453,36119,19.8%,Center for Donation and Transplant in New York,"(43.149482, -75.361773)"
2015,2,Onondaga,467026,362786,119261,32.87%,Finger Lakes Donor Recovery Network,"(43.065629, -76.168033)"
2015,2,Ontario,107931,83841,33436,39.88%,Finger Lakes Donor Recovery Network,"(42.894571, -77.252045)"
2015,2,Orange,372813,289601,72975,25.2%,New York Organ Donor Network,"(41.422459, -74.241929)"
2015,2,Orleans,42883,33312,3128,9.39%,UNYTS,"(43.248394, -78.218438)"
2015,2,Oswego,122109,94854,28145,29.67%,Finger Lakes Donor Recovery Network,"(43.39123, -76.31133)"
2015,2,Otsego,62259,48363,16413,33.94%,Center for Donation and Transplant in New York,"(42.564852, -75.060334)"
2015,2,Out of State,0,0,179,0%,,
2015,2,Putnam,99710,77455,24939,32.2%,New York Organ Donor Network,"(41.41131, -73.717443)"
2015,2,Queens,2230722,1732825,206390,11.91%,New York Organ Donor Network,"(40.749338, -73.789673)"
2015,2,Rensselaer,159429,123844,38251,30.89%,Center for Donation and Transplant in New York,"(42.70098, -73.628669)"
2015,2,Richmond,468730,364109,59990,16.48%,New York Organ Donor Network,"(40.566763, -74.148102)"
2015,2,Rockland,311687,242118,48740,20.13%,New York Organ Donor Network,"(41.127287, -74.017033)"
2015,2,Saratoga,219607,170591,73287,42.96%,Center for Donation and Transplant in New York,"(43.00894, -73.786779)"
2015,2,Schenectady,154727,120192,43000,35.78%,Center for Donation and Transplant in New York,"(42.809233, -73.946838)"
2015,2,Schoharie,32749,25439,8540,33.57%,Center for Donation and Transplant in New York,"(42.643426, -74.434606)"
2015,2,Schuyler,18343,14249,4959,34.8%,Finger Lakes Donor Recovery Network,"(42.38593, -76.872032)"
2015,2,Seneca,35251,27383,4797,17.52%,Finger Lakes Donor Recovery Network,"(42.833627, -76.82753)"
2015,2,St Lawrence,111944,86958,21161,24.33%,Center for Donation and Transplant in New York,"(44.689468, -75.242045)"
2015,2,Steuben,98990,76895,26652,34.66%,Finger Lakes Donor Recovery Network,"(42.270053, -77.324618)"
2015,2,Suffolk,1493350,1160034,314741,27.13%,New York Organ Donor Network,"(40.820237, -73.119032)"
2015,2,Sullivan,77547,60239,14779,24.53%,Center for Donation and Transplant in New York,"(41.705166, -74.711705)"
2015,2,Tioga,51125,39714,13815,34.79%,Center for Donation and Transplant in New York,"(42.120252, -76.29595)"
2015,2,Tompkins,101564,78895,38489,48.79%,Finger Lakes Donor Recovery Network,"(42.461024, -76.478784)"
2015,2,Ulster,182493,141761,43015,30.34%,Center for Donation and Transplant in New York,"(41.848374, -74.099412)"
2015,2,Unknown,0,0,19864,0%,,
2015,2,Warren,65707,51041,13787,27.01%,Center for Donation and Transplant in New York,"(43.403024, -73.716044)"
2015,2,Washington,63216,49106,14323,29.17%,Center for Donation and Transplant in New York,"(43.289513, -73.454761)"
2015,2,Wayne,93772,72842,20787,28.54%,Finger Lakes Donor Recovery Network,"(43.144336, -77.117995)"
2015,2,Westchester,949113,737271,170811,23.17%,New York Organ Donor Network,"(41.039278, -73.805386)"
2015,2,Wyoming,42155,32746,11690,35.7%,UNYTS,"(42.723641, -78.204473)"
2015,2,Yates,25348,19690,6677,33.91%,Finger Lakes Donor Recovery Network,"(42.634338, -77.078311)"
2015,2,TOTAL NYS,19378102,15052907,3637738,24.17%,,
2015,3,Albany,304204,236306,70742,29.94%,Center for Donation and Transplant in New York,"(42.678066, -73.814233)"
2015,3,Allegany,48946,38021,12670,33.32%,UNYTS,"(42.226801, -78.020567)"
2015,3,Bronx,1385108,1075952,139042,12.92%,New York Organ Donor Network,"(40.85589, -73.868294)"
2015,3,Broome,200600,155826,52031,33.39%,Center for Donation and Transplant in New York,"(42.122015, -75.933191)"
2015,3,Cattauragus,80317,62390,22278,35.71%,UNYTS,"(42.224267, -78.606673)"
2015,3,Cayuga,80026,62164,18852,30.33%,Finger Lakes Donor Recovery Network,"(42.940095, -76.560755)"
2015,3,Chautauqua,134905,104794,38410,36.65%,UNYTS,"(42.246904, -79.315313)"
2015,3,Chemung,88830,69003,26088,37.81%,Finger Lakes Donor Recovery Network,"(42.116644, -76.812331)"
2015,3,Chenango,50477,39211,11231,28.64%,Finger Lakes Donor Recovery Network,"(42.481798, -75.570013)"
2015,3,Clinton,82128,63797,21543,33.77%,Center for Donation and Transplant in New York,"(44.731944, -73.548883)"
2015,3,Columbia,63096,49013,18474,37.69%,Center for Donation and Transplant in New York,"(42.276913, -73.682168)"
2015,3,Cortland,49336,38324,13174,34.38%,Finger Lakes Donor Recovery Network,"(42.597101, -76.143291)"
2015,3,Delaware,47980,37271,10412,27.94%,Center for Donation and Transplant in New York,"(42.242972, -74.997944)"
2015,3,Dutchess,297488,231089,69787,30.2%,Center for Donation and Transplant in New York,"(41.686216, -73.840468)"
2015,3,Erie,919040,713910,248502,34.81%,UNYTS,"(42.888143, -78.795544)"
2015,3,Essex,39370,30583,11280,36.88%,Center for Donation and Transplant in New York,"(44.166026, -73.685145)"
2015,3,Franklin,51599,40082,12966,32.35%,Center for Donation and Transplant in New York,"(44.705699, -74.340621)"
2015,3,Fulton,55531,43136,12223,28.34%,Center for Donation and Transplant in New York,"(43.06014, -74.331296)"
2015,3,Genesee,60079,46669,16933,36.28%,UNYTS,"(43.000121, -78.172679)"
2015,3,Greene,49221,38235,13160,34.42%,Center for Donation and Transplant in New York,"(42.298326, -73.973376)"
2015,3,Hamilton,4836,3757,1407,37.45%,Center for Donation and Transplant in New York,"(43.618468, -74.395268)"
2015,3,Herkimer,64519,50118,16507,32.94%,Center for Donation and Transplant in New York,"(43.070026, -74.994246)"
2015,3,Jefferson,116229,90287,34760,38.5%,Finger Lakes Donor Recovery Network,"(44.019295, -75.898971)"
2015,3,Kings,2504700,1945651,291434,14.98%,New York Organ Donor Network,"(40.65642, -73.950691)"
2015,3,Lewis,27087,21041,7852,37.32%,Finger Lakes Donor Recovery Network,"(43.785537, -75.446296)"
2015,3,Livingston,65393,50797,17164,33.79%,Finger Lakes Donor Recovery Network,"(42.763754, -77.765392)"
2015,3,Madison,73442,57050,18922,33.17%,Finger Lakes Donor Recovery Network,"(42.986917, -75.720031)"
2015,3,Monroe,744344,578206,172643,29.86%,Finger Lakes Donor Recovery Network,"(43.161748, -77.620143)"
2015,3,Montgomery,50219,39010,10357,26.55%,Center for Donation and Transplant in New York,"(42.933637, -74.341972)"
2015,3,Nassau,1339532,1040548,224260,21.55%,New York Organ Donor Network,"(40.715749, -73.601185)"
2015,3,New York,1585873,1231906,392549,31.87%,New York Organ Donor Network,"(40.726966, -74.005966)"
2015,3,Niagara,216469,168153,66216,39.38%,UNYTS,"(43.134634, -78.856419)"
2015,3,Oneida,234878,182453,36257,19.87%,Center for Donation and Transplant in New York,"(43.149482, -75.361773)"
2015,3,Onondaga,467026,362786,119762,33.01%,Finger Lakes Donor Recovery Network,"(43.065629, -76.168033)"
2015,3,Ontario,107931,83841,33575,40.05%,Finger Lakes Donor Recovery Network,"(42.894571, -77.252045)"
2015,3,Orange,372813,289601,73273,25.3%,New York Organ Donor Network,"(41.422459, -74.241929)"
2015,3,Orleans,42883,33312,3152,9.46%,UNYTS,"(43.248394, -78.218438)"
2015,3,Oswego,122109,94854,28247,29.78%,Finger Lakes Donor Recovery Network,"(43.39123, -76.31133)"
2015,3,Otsego,62259,48363,16454,34.02%,Center for Donation and Transplant in New York,"(42.564852, -75.060334)"
2015,3,Out of State,0,0,179,0%,,
2015,3,Putnam,99710,77455,25042,32.33%,New York Organ Donor Network,"(41.41131, -73.717443)"
2015,3,Queens,2230722,1732825,207666,11.98%,New York Organ Donor Network,"(40.749338, -73.789673)"
2015,3,Rensselaer,159429,123844,38399,31.01%,Center for Donation and Transplant in New York,"(42.70098, -73.628669)"
2015,3,Richmond,468730,364109,60268,16.55%,New York Organ Donor Network,"(40.566763, -74.148102)"
2015,3,Rockland,311687,242118,49024,20.25%,New York Organ Donor Network,"(41.127287, -74.017033)"
2015,3,Saratoga,219607,170591,73616,43.15%,Center for Donation and Transplant in New York,"(43.00894, -73.786779)"
2015,3,Schenectady,154727,120192,43120,35.88%,Center for Donation and Transplant in New York,"(42.809233, -73.946838)"
2015,3,Schoharie,32749,25439,8558,33.64%,Center for Donation and Transplant in New York,"(42.643426, -74.434606)"
2015,3,Schuyler,18343,14249,4976,34.92%,Finger Lakes Donor Recovery Network,"(42.38593, -76.872032)"
2015,3,Seneca,35251,27383,4818,17.59%,Finger Lakes Donor Recovery Network,"(42.833627, -76.82753)"
2015,3,St Lawrence,111944,86958,21161,24.33%,Center for Donation and Transplant in New York,"(44.689468, -75.242045)"
2015,3,Steuben,98990,76895,26764,34.81%,Finger Lakes Donor Recovery Network,"(42.270053, -77.324618)"
2015,3,Suffolk,1493350,1160034,315978,27.24%,New York Organ Donor Network,"(40.820237, -73.119032)"
2015,3,Sullivan,77547,60239,14859,24.67%,Center for Donation and Transplant in New York,"(41.705166, -74.711705)"
2015,3,Tioga,51125,39714,13838,34.84%,Center for Donation and Transplant in New York,"(42.120252, -76.29595)"
2015,3,Tompkins,101564,78895,38621,48.95%,Finger Lakes Donor Recovery Network,"(42.461024, -76.478784)"
2015,3,Ulster,182493,141761,43214,30.48%,Center for Donation and Transplant in New York,"(41.848374, -74.099412)"
2015,3,Unknown,0,0,20037,0%,,
2015,3,Warren,65707,51041,13828,27.09%,Center for Donation and Transplant in New York,"(43.403024, -73.716044)"
2015,3,Washington,63216,49106,14369,29.26%,Center for Donation and Transplant in New York,"(43.289513, -73.454761)"
2015,3,Wayne,93772,72842,20880,28.66%,Finger Lakes Donor Recovery Network,"(43.144336, -77.117995)"
2015,3,Westchester,949113,737271,171649,23.28%,New York Organ Donor Network,"(41.039278, -73.805386)"
2015,3,Wyoming,42155,32746,11719,35.79%,UNYTS,"(42.723641, -78.204473)"
2015,3,Yates,25348,19690,6682,33.94%,Finger Lakes Donor Recovery Network,"(42.634338, -77.078311)"
2015,3,TOTAL NYS,19378102,15052907,3653854,24.27%,,
2015,4,Albany,304204,236306,71129,30.1%,Center for Donation and Transplant in New York,"(42.678066, -73.814233)"
2015,4,Allegany,48946,38021,12730,33.48%,UNYTS,"(42.226801, -78.020567)"
2015,4,Bronx,1385108,1075952,140052,13.02%,New York Organ Donor Network,"(40.85589, -73.868294)"
2015,4,Broome,200600,155826,52303,33.57%,Center for Donation and Transplant in New York,"(42.122015, -75.933191)"
2015,4,Cattauragus,80317,62390,22278,35.71%,UNYTS,"(42.224267, -78.606673)"
2015,4,Cayuga,80026,62164,18965,30.51%,Finger Lakes Donor Recovery Network,"(42.940095, -76.560755)"
2015,4,Chautauqua,134905,104794,38557,36.79%,UNYTS,"(42.246904, -79.315313)"
2015,4,Chemung,88830,69003,26240,38.03%,Finger Lakes Donor Recovery Network,"(42.116644, -76.812331)"
2015,4,Chenango,50477,39211,11294,28.8%,Finger Lakes Donor Recovery Network,"(42.481798, -75.570013)"
2015,4,Clinton,82128,63797,21667,33.96%,Center for Donation and Transplant in New York,"(44.731944, -73.548883)"
2015,4,Columbia,63096,49013,18564,37.88%,Center for Donation and Transplant in New York,"(42.276913, -73.682168)"
2015,4,Cortland,49336,38324,13242,34.55%,Finger Lakes Donor Recovery Network,"(42.597101, -76.143291)"
2015,4,Delaware,47980,37271,10453,28.05%,Center for Donation and Transplant in New York,"(42.242972, -74.997944)"
2015,4,Dutchess,297488,231089,70137,30.35%,Center for Donation and Transplant in New York,"(41.686216, -73.840468)"
2015,4,Erie,919040,713910,249784,34.99%,UNYTS,"(42.888143, -78.795544)"
2015,4,Essex,39370,30583,11326,37.03%,Center for Donation and Transplant in New York,"(44.166026, -73.685145)"
2015,4,Franklin,51599,40082,13031,32.51%,Center for Donation and Transplant in New York,"(44.705699, -74.340621)"
2015,4,Fulton,55531,43136,12275,28.46%,Center for Donation and Transplant in New York,"(43.06014, -74.331296)"
2015,4,Genesee,60079,46669,17042,36.52%,UNYTS,"(43.000121, -78.172679)"
2015,4,Greene,49221,38235,13229,34.6%,Center for Donation and Transplant in New York,"(42.298326, -73.973376)"
2015,4,Hamilton,4836,3757,1416,37.69%,Center for Donation and Transplant in New York,"(43.618468, -74.395268)"
2015,4,Herkimer,64519,50118,16591,33.1%,Center for Donation and Transplant in New York,"(43.070026, -74.994246)"
2015,4,Jefferson,116229,90287,34982,38.75%,Finger Lakes Donor Recovery Network,"(44.019295, -75.898971)"
2015,4,Kings,2504700,1945651,293606,15.09%,New York Organ Donor Network,"(40.65642, -73.950691)"
2015,4,Lewis,27087,21041,7905,37.57%,Finger Lakes Donor Recovery Network,"(43.785537, -75.446296)"
2015,4,Livingston,65393,50797,17260,33.98%,Finger Lakes Donor Recovery Network,"(42.763754, -77.765392)"
2015,4,Madison,73442,57050,19066,33.42%,Finger Lakes Donor Recovery Network,"(42.986917, -75.720031)"
2015,4,Monroe,744344,578206,173583,30.02%,Finger Lakes Donor Recovery Network,"(43.161748, -77.620143)"
2015,4,Montgomery,50219,39010,10426,26.73%,Center for Donation and Transplant in New York,"(42.933637, -74.341972)"
2015,4,Nassau,1339532,1040548,225291,21.65%,New York Organ Donor Network,"(40.715749, -73.601185)"
2015,4,New York,1585873,1231906,394766,32.05%,New York Organ Donor Network,"(40.726966, -74.005966)"
2015,4,Niagara,216469,168153,66556,39.58%,UNYTS,"(43.134634, -78.856419)"
2015,4,Oneida,234878,182453,36398,19.95%,Center for Donation and Transplant in New York,"(43.149482, -75.361773)"
2015,4,Onondaga,467026,362786,120327,33.17%,Finger Lakes Donor Recovery Network,"(43.065629, -76.168033)"
2015,4,Ontario,107931,83841,33733,40.23%,Finger Lakes Donor Recovery Network,"(42.894571, -77.252045)"
2015,4,Orange,372813,289601,73694,25.45%,New York Organ Donor Network,"(41.422459, -74.241929)"
2015,4,Orleans,42883,33312,3175,9.53%,UNYTS,"(43.248394, -78.218438)"
2015,4,Oswego,122109,94854,28384,29.92%,Finger Lakes Donor Recovery Network,"(43.39123, -76.31133)"
2015,4,Otsego,62259,48363,16520,34.16%,Center for Donation and Transplant in New York,"(42.564852, -75.060334)"
2015,4,Out of State,0,0,178,0%,,
2015,4,Putnam,99710,77455,25170,32.5%,New York Organ Donor Network,"(41.41131, -73.717443)"
2015,4,Queens,2230722,1732825,209118,12.07%,New York Organ Donor Network,"(40.749338, -73.789673)"
2015,4,Rensselaer,159429,123844,38628,31.19%,Center for Donation and Transplant in New York,"(42.70098, -73.628669)"
2015,4,Richmond,468730,364109,60595,16.64%,New York Organ Donor Network,"(40.566763, -74.148102)"
2015,4,Rockland,311687,242118,49375,20.39%,New York Organ Donor Network,"(41.127287, -74.017033)"
2015,4,Saratoga,219607,170591,73959,43.35%,Center for Donation and Transplant in New York,"(43.00894, -73.786779)"
2015,4,Schenectady,154727,120192,43289,36.02%,Center for Donation and Transplant in New York,"(42.809233, -73.946838)"
2015,4,Schoharie,32749,25439,8584,33.74%,Center for Donation and Transplant in New York,"(42.643426, -74.434606)"
2015,4,Schuyler,18343,14249,4993,35.04%,Finger Lakes Donor Recovery Network,"(42.38593, -76.872032)"
2015,4,Seneca,35251,27383,4840,17.68%,Finger Lakes Donor Recovery Network,"(42.833627, -76.82753)"
2015,4,St Lawrence,111944,86958,21161,24.33%,Center for Donation and Transplant in New York,"(44.689468, -75.242045)"
2015,4,Steuben,98990,76895,26930,35.02%,Finger Lakes Donor Recovery Network,"(42.270053, -77.324618)"
2015,4,Suffolk,1493350,1160034,317277,27.35%,New York Organ Donor Network,"(40.820237, -73.119032)"
2015,4,Sullivan,77547,60239,14947,24.81%,Center for Donation and Transplant in New York,"(41.705166, -74.711705)"
2015,4,Tioga,51125,39714,13897,34.99%,Center for Donation and Transplant in New York,"(42.120252, -76.29595)"
2015,4,Tompkins,101564,78895,38790,49.17%,Finger Lakes Donor Recovery Network,"(42.461024, -76.478784)"
2015,4,Ulster,182493,141761,43435,30.64%,Center for Donation and Transplant in New York,"(41.848374, -74.099412)"
2015,4,Unknown,0,0,20240,0%,,
2015,4,Warren,65707,51041,13872,27.18%,Center for Donation and Transplant in New York,"(43.403024, -73.716044)"
2015,4,Washington,63216,49106,14436,29.4%,Center for Donation and Transplant in New York,"(43.289513, -73.454761)"
2015,4,Wayne,93772,72842,20996,28.82%,Finger Lakes Donor Recovery Network,"(43.144336, -77.117995)"
2015,4,Westchester,949113,737271,172471,23.39%,New York Organ Donor Network,"(41.039278, -73.805386)"
2015,4,Wyoming,42155,32746,11767,35.93%,UNYTS,"(42.723641, -78.204473)"
2015,4,Yates,25348,19690,6696,34.01%,Finger Lakes Donor Recovery Network,"(42.634338, -77.078311)"
2015,4,TOTAL NYS,19378102,15052907,3673621,24.4%,,
2015,5,Albany,304204,236306,71396,30.21%,Center for Donation and Transplant in New York,"(42.678066, -73.814233)"
2015,5,Allegany,48946,38021,12779,33.61%,UNYTS,"(42.226801, -78.020567)"
2015,5,Bronx,1385108,1075952,140959,13.1%,New York Organ Donor Network,"(40.85589, -73.868294)"
2015,5,Broome,200600,155826,52527,33.71%,Center for Donation and Transplant in New York,"(42.122015, -75.933191)"
2015,5,Cattauragus,80317,62390,22278,35.71%,UNYTS,"(42.224267, -78.606673)"
2015,5,Cayuga,80026,62164,19068,30.67%,Finger Lakes Donor Recovery Network,"(42.940095, -76.560755)"
2015,5,Chautauqua,134905,104794,38676,36.91%,UNYTS,"(42.246904, -79.315313)"
2015,5,Chemung,88830,69003,26373,38.22%,Finger Lakes Donor Recovery Network,"(42.116644, -76.812331)"
2015,5,Chenango,50477,39211,11336,28.91%,Finger Lakes Donor Recovery Network,"(42.481798, -75.570013)"
2015,5,Clinton,82128,63797,21772,34.13%,Center for Donation and Transplant in New York,"(44.731944, -73.548883)"
2015,5,Columbia,63096,49013,18638,38.03%,Center for Donation and Transplant in New York,"(42.276913, -73.682168)"
2015,5,Cortland,49336,38324,13294,34.69%,Finger Lakes Donor Recovery Network,"(42.597101, -76.143291)"
2015,5,Delaware,47980,37271,10514,28.21%,Center for Donation and Transplant in New York,"(42.242972, -74.997944)"
2015,5,Dutchess,297488,231089,70458,30.49%,Center for Donation and Transplant in New York,"(41.686216, -73.840468)"
2015,5,Erie,919040,713910,250877,35.14%,UNYTS,"(42.888143, -78.795544)"
2015,5,Essex,39370,30583,11357,37.14%,Center for Donation and Transplant in New York,"(44.166026, -73.685145)"
2015,5,Franklin,51599,40082,13096,32.67%,Center for Donation and Transplant in New York,"(44.705699, -74.340621)"
2015,5,Fulton,55531,43136,12318,28.56%,Center for Donation and Transplant in New York,"(43.06014, -74.331296)"
2015,5,Genesee,60079,46669,17116,36.68%,UNYTS,"(43.000121, -78.172679)"
2015,5,Greene,49221,38235,13262,34.69%,Center for Donation and Transplant in New York,"(42.298326, -73.973376)"
2015,5,Hamilton,4836,3757,1419,37.77%,Center for Donation and Transplant in New York,"(43.618468, -74.395268)"
2015,5,Herkimer,64519,50118,16648,33.22%,Center for Donation and Transplant in New York,"(43.070026, -74.994246)"
2015,5,Jefferson,116229,90287,35175,38.96%,Finger Lakes Donor Recovery Network,"(44.019295, -75.898971)"
2015,5,Kings,2504700,1945651,295696,15.2%,New York Organ Donor Network,"(40.65642, -73.950691)"
2015,5,Lewis,27087,21041,7956,37.81%,Finger Lakes Donor Recovery Network,"(43.785537, -75.446296)"
2015,5,Livingston,65393,50797,17328,34.11%,Finger Lakes Donor Recovery Network,"(42.763754, -77.765392)"
2015,5,Madison,73442,57050,19195,33.65%,Finger Lakes Donor Recovery Network,"(42.986917, -75.720031)"
2015,5,Monroe,744344,578206,174304,30.15%,Finger Lakes Donor Recovery Network,"(43.161748, -77.620143)"
2015,5,Montgomery,50219,39010,10493,26.9%,Center for Donation and Transplant in New York,"(42.933637, -74.341972)"
2015,5,Nassau,1339532,1040548,226158,21.73%,New York Organ Donor Network,"(40.715749, -73.601185)"
2015,5,New York,1585873,1231906,396937,32.22%,New York Organ Donor Network,"(40.726966, -74.005966)"
2015,5,Niagara,216469,168153,66795,39.72%,UNYTS,"(43.134634, -78.856419)"
2015,5,Oneida,234878,182453,36546,20.03%,Center for Donation and Transplant in New York,"(43.149482, -75.361773)"
2015,5,Onondaga,467026,362786,120869,33.32%,Finger Lakes Donor Recovery Network,"(43.065629, -76.168033)"
2015,5,Ontario,107931,83841,33874,40.4%,Finger Lakes Donor Recovery Network,"(42.894571, -77.252045)"
2015,5,Orange,372813,289601,74042,25.57%,New York Organ Donor Network,"(41.422459, -74.241929)"
2015,5,Orleans,42883,33312,3201,9.61%,UNYTS,"(43.248394, -78.218438)"
2015,5,Oswego,122109,94854,28500,30.05%,Finger Lakes Donor Recovery Network,"(43.39123, -76.31133)"
2015,5,Otsego,62259,48363,16590,34.3%,Center for Donation and Transplant in New York,"(42.564852, -75.060334)"
2015,5,Out of State,0,0,178,0%,,
2015,5,Putnam,99710,77455,25277,32.63%,New York Organ Donor Network,"(41.41131, -73.717443)"
2015,5,Queens,2230722,1732825,210556,12.15%,New York Organ Donor Network,"(40.749338, -73.789673)"
2015,5,Rensselaer,159429,123844,38813,31.34%,Center for Donation and Transplant in New York,"(42.70098, -73.628669)"
2015,5,Richmond,468730,364109,60927,16.73%,New York Organ Donor Network,"(40.566763, -74.148102)"
2015,5,Rockland,311687,242118,49601,20.49%,New York Organ Donor Network,"(41.127287, -74.017033)"
2015,5,Saratoga,219607,170591,74337,43.58%,Center for Donation and Transplant in New York,"(43.00894, -73.786779)"
2015,5,Schenectady,154727,120192,43407,36.11%,Center for Donation and Transplant in New York,"(42.809233, -73.946838)"
2015,5,Schoharie,32749,25439,8599,33.8%,Center for Donation and Transplant in New York,"(42.643426, -74.434606)"
2015,5,Schuyler,18343,14249,5028,35.29%,Finger Lakes Donor Recovery Network,"(42.38593, -76.872032)"
2015,5,Seneca,35251,27383,4859,17.74%,Finger Lakes Donor Recovery Network,"(42.833627, -76.82753)"
2015,5,St Lawrence,111944,86958,21161,24.33%,Center for Donation and Transplant in New York,"(44.689468, -75.242045)"
2015,5,Steuben,98990,76895,27043,35.17%,Finger Lakes Donor Recovery Network,"(42.270053, -77.324618)"
2015,5,Suffolk,1493350,1160034,318468,27.45%,New York Organ Donor Network,"(40.820237, -73.119032)"
2015,5,Sullivan,77547,60239,15028,24.95%,Center for Donation and Transplant in New York,"(41.705166, -74.711705)"
2015,5,Tioga,51125,39714,13961,35.15%,Center for Donation and Transplant in New York,"(42.120252, -76.29595)"
2015,5,Tompkins,101564,78895,38913,49.32%,Finger Lakes Donor Recovery Network,"(42.461024, -76.478784)"
2015,5,Ulster,182493,141761,43625,30.77%,Center for Donation and Transplant in New York,"(41.848374, -74.099412)"
2015,5,Unknown,0,0,20389,0%,,
2015,5,Warren,65707,51041,13914,27.26%,Center for Donation and Transplant in New York,"(43.403024, -73.716044)"
2015,5,Washington,63216,49106,14487,29.5%,Center for Donation and Transplant in New York,"(43.289513, -73.454761)"
2015,5,Wayne,93772,72842,21101,28.97%,Finger Lakes Donor Recovery Network,"(43.144336, -77.117995)"
2015,5,Westchester,949113,737271,173276,23.5%,New York Organ Donor Network,"(41.039278, -73.805386)"
2015,5,Wyoming,42155,32746,11804,36.05%,UNYTS,"(42.723641, -78.204473)"
2015,5,Yates,25348,19690,6731,34.18%,Finger Lakes Donor Recovery Network,"(42.634338, -77.078311)"
2015,5,TOTAL NYS,19378102,15052907,3691303,24.52%,,
2015,6,Albany,304204,236306,71998,30.47%,Center for Donation and Transplant in New York,"(42.678066, -73.814233)"
2015,6,Allegany,48946,38021,12870,33.85%,UNYTS,"(42.226801, -78.020567)"
2015,6,Bronx,1385108,1075952,146705,13.63%,New York Organ Donor Network,"(40.85589, -73.868294)"
2015,6,Broome,200600,155826,52953,33.98%,Center for Donation and Transplant in New York,"(42.122015, -75.933191)"
2015,6,Cattauragus,80317,62390,22278,35.71%,UNYTS,"(42.224267, -78.606673)"
2015,6,Cayuga,80026,62164,19259,30.98%,Finger Lakes Donor Recovery Network,"(42.940095, -76.560755)"
2015,6,Chautauqua,134905,104794,38852,37.07%,UNYTS,"(42.246904, -79.315313)"
2015,6,Chemung,88830,69003,26593,38.54%,Finger Lakes Donor Recovery Network,"(42.116644, -76.812331)"
2015,6,Chenango,50477,39211,11452,29.21%,Finger Lakes Donor Recovery Network,"(42.481798, -75.570013)"
2015,6,Clinton,82128,63797,21933,34.38%,Center for Donation and Transplant in New York,"(44.731944, -73.548883)"
2015,6,Columbia,63096,49013,18786,38.33%,Center for Donation and Transplant in New York,"(42.276913, -73.682168)"
2015,6,Cortland,49336,38324,13410,34.99%,Finger Lakes Donor Recovery Network,"(42.597101, -76.143291)"
2015,6,Delaware,47980,37271,10596,28.43%,Center for Donation and Transplant in New York,"(42.242972, -74.997944)"
2015,6,Dutchess,297488,231089,71122,30.78%,Center for Donation and Transplant in New York,"(41.686216, -73.840468)"
2015,6,Erie,919040,713910,253143,35.46%,UNYTS,"(42.888143, -78.795544)"
2015,6,Essex,39370,30583,11436,37.39%,Center for Donation and Transplant in New York,"(44.166026, -73.685145)"
2015,6,Franklin,51599,40082,13198,32.93%,Center for Donation and Transplant in New York,"(44.705699, -74.340621)"
2015,6,Fulton,55531,43136,12403,28.75%,Center for Donation and Transplant in New York,"(43.06014, -74.331296)"
2015,6,Genesee,60079,46669,17231,36.92%,UNYTS,"(43.000121, -78.172679)"
2015,6,Greene,49221,38235,13371,34.97%,Center for Donation and Transplant in New York,"(42.298326, -73.973376)"
2015,6,Hamilton,4836,3757,1425,37.93%,Center for Donation and Transplant in New York,"(43.618468, -74.395268)"
2015,6,Herkimer,64519,50118,16779,33.48%,Center for Donation and Transplant in New York,"(43.070026, -74.994246)"
2015,6,Jefferson,116229,90287,35556,39.38%,Finger Lakes Donor Recovery Network,"(44.019295, -75.898971)"
2015,6,Kings,2504700,1945651,310769,15.97%,New York Organ Donor Network,"(40.65642, -73.950691)"
2015,6,Lewis,27087,21041,8026,38.14%,Finger Lakes Donor Recovery Network,"(43.785537, -75.446296)"
2015,6,Livingston,65393,50797,17467,34.39%,Finger Lakes Donor Recovery Network,"(42.763754, -77.765392)"
2015,6,Madison,73442,57050,19389,33.99%,Finger Lakes Donor Recovery Network,"(42.986917, -75.720031)"
2015,6,Monroe,744344,578206,175662,30.38%,Finger Lakes Donor Recovery Network,"(43.161748, -77.620143)"
2015,6,Montgomery,50219,39010,10595,27.16%,Center for Donation and Transplant in New York,"(42.933637, -74.341972)"
2015,6,Nassau,1339532,1040548,228282,21.94%,New York Organ Donor Network,"(40.715749, -73.601185)"
2015,6,New York,1585873,1231906,409942,33.28%,New York Organ Donor Network,"(40.726966, -74.005966)"
2015,6,Niagara,216469,168153,67256,40%,UNYTS,"(43.134634, -78.856419)"
2015,6,Oneida,234878,182453,36837,20.19%,Center for Donation and Transplant in New York,"(43.149482, -75.361773)"
2015,6,Onondaga,467026,362786,121762,33.56%,Finger Lakes Donor Recovery Network,"(43.065629, -76.168033)"
2015,6,Ontario,107931,83841,34171,40.76%,Finger Lakes Donor Recovery Network,"(42.894571, -77.252045)"
2015,6,Orange,372813,289601,74737,25.81%,New York Organ Donor Network,"(41.422459, -74.241929)"
2015,6,Orleans,42883,33312,3255,9.77%,UNYTS,"(43.248394, -78.218438)"
2015,6,Oswego,122109,94854,28740,30.3%,Finger Lakes Donor Recovery Network,"(43.39123, -76.31133)"
2015,6,Otsego,62259,48363,16714,34.56%,Center for Donation and Transplant in New York,"(42.564852, -75.060334)"
2015,6,Out of State,0,0,179,0%,,
2015,6,Putnam,99710,77455,25575,33.02%,New York Organ Donor Network,"(41.41131, -73.717443)"
2015,6,Queens,2230722,1732825,221388,12.78%,New York Organ Donor Network,"(40.749338, -73.789673)"
2015,6,Rensselaer,159429,123844,39179,31.64%,Center for Donation and Transplant in New York,"(42.70098, -73.628669)"
2015,6,Richmond,468730,364109,62239,17.09%,New York Organ Donor Network,"(40.566763, -74.148102)"
2015,6,Rockland,311687,242118,50172,20.72%,New York Organ Donor Network,"(41.127287, -74.017033)"
2015,6,Saratoga,219607,170591,75063,44%,Center for Donation and Transplant in New York,"(43.00894, -73.786779)"
2015,6,Schenectady,154727,120192,43698,36.36%,Center for Donation and Transplant in New York,"(42.809233, -73.946838)"
2015,6,Schoharie,32749,25439,8662,34.05%,Center for Donation and Transplant in New York,"(42.643426, -74.434606)"
2015,6,Schuyler,18343,14249,5070,35.58%,Finger Lakes Donor Recovery Network,"(42.38593, -76.872032)"
2015,6,Seneca,35251,27383,4905,17.91%,Finger Lakes Donor Recovery Network,"(42.833627, -76.82753)"
2015,6,St Lawrence,111944,86958,21161,24.33%,Center for Donation and Transplant in New York,"(44.689468, -75.242045)"
2015,6,Steuben,98990,76895,27297,35.5%,Finger Lakes Donor Recovery Network,"(42.270053, -77.324618)"
2015,6,Suffolk,1493350,1160034,320988,27.67%,New York Organ Donor Network,"(40.820237, -73.119032)"
2015,6,Sullivan,77547,60239,15201,25.23%,Center for Donation and Transplant in New York,"(41.705166, -74.711705)"
2015,6,Tioga,51125,39714,14052,35.38%,Center for Donation and Transplant in New York,"(42.120252, -76.29595)"
2015,6,Tompkins,101564,78895,39162,49.64%,Finger Lakes Donor Recovery Network,"(42.461024, -76.478784)"
2015,6,Ulster,182493,141761,44008,31.04%,Center for Donation and Transplant in New York,"(41.848374, -74.099412)"
2015,6,Unknown,0,0,20875,0%,,
2015,6,Warren,65707,51041,13985,27.4%,Center for Donation and Transplant in New York,"(43.403024, -73.716044)"
2015,6,Washington,63216,49106,14587,29.71%,Center for Donation and Transplant in New York,"(43.289513, -73.454761)"
2015,6,Wayne,93772,72842,21251,29.17%,Finger Lakes Donor Recovery Network,"(43.144336, -77.117995)"
2015,6,Westchester,949113,737271,174711,23.7%,New York Organ Donor Network,"(41.039278, -73.805386)"
2015,6,Wyoming,42155,32746,11863,36.23%,UNYTS,"(42.723641, -78.204473)"
2015,6,Yates,25348,19690,6765,34.36%,Finger Lakes Donor Recovery Network,"(42.634338, -77.078311)"
2015,6,TOTAL NYS,19378102,15052907,3758989,24.97%,,
2015,8,Albany,304204,236306,72439,30.65%,Center for Donation and Transplant in New York,"(42.678066, -73.814233)"
2015,8,Allegany,48946,38021,12925,33.99%,UNYTS,"(42.226801, -78.020567)"
2015,8,Bronx,1385108,1075952,148561,13.81%,New York Organ Donor Network,"(40.85589, -73.868294)"
2015,8,Broome,200600,155826,53229,34.16%,Center for Donation and Transplant in New York,"(42.122015, -75.933191)"
2015,8,Cattauragus,80317,62390,22278,35.71%,UNYTS,"(42.224267, -78.606673)"
2015,8,Cayuga,80026,62164,19350,31.13%,Finger Lakes Donor Recovery Network,"(42.940095, -76.560755)"
2015,8,Chautauqua,134905,104794,38955,37.17%,UNYTS,"(42.246904, -79.315313)"
2015,8,Chemung,88830,69003,26713,38.71%,Finger Lakes Donor Recovery Network,"(42.116644, -76.812331)"
2015,8,Chenango,50477,39211,11538,29.43%,Finger Lakes Donor Recovery Network,"(42.481798, -75.570013)"
2015,8,Clinton,82128,63797,22038,34.54%,Center for Donation and Transplant in New York,"(44.731944, -73.548883)"
2015,8,Columbia,63096,49013,18876,38.51%,Center for Donation and Transplant in New York,"(42.276913, -73.682168)"
2015,8,Cortland,49336,38324,13468,35.14%,Finger Lakes Donor Recovery Network,"(42.597101, -76.143291)"
2015,8,Delaware,47980,37271,10664,28.61%,Center for Donation and Transplant in New York,"(42.242972, -74.997944)"
2015,8,Dutchess,297488,231089,71645,31%,Center for Donation and Transplant in New York,"(41.686216, -73.840468)"
2015,8,Erie,919040,713910,254546,35.66%,UNYTS,"(42.888143, -78.795544)"
2015,8,Essex,39370,30583,11505,37.62%,Center for Donation and Transplant in New York,"(44.166026, -73.685145)"
2015,8,Franklin,51599,40082,13262,33.09%,Center for Donation and Transplant in New York,"(44.705699, -74.340621)"
2015,8,Fulton,55531,43136,12466,28.9%,Center for Donation and Transplant in New York,"(43.06014, -74.331296)"
2015,8,Genesee,60079,46669,17297,37.06%,UNYTS,"(43.000121, -78.172679)"
2015,8,Greene,49221,38235,13441,35.15%,Center for Donation and Transplant in New York,"(42.298326, -73.973376)"
2015,8,Hamilton,4836,3757,1432,38.12%,Center for Donation and Transplant in New York,"(43.618468, -74.395268)"
2015,8,Herkimer,64519,50118,16857,33.63%,Center for Donation and Transplant in New York,"(43.070026, -74.994246)"
2015,8,Jefferson,116229,90287,35799,39.65%,Finger Lakes Donor Recovery Network,"(44.019295, -75.898971)"
2015,8,Kings,2504700,1945651,315342,16.21%,New York Organ Donor Network,"(40.65642, -73.950691)"
2015,8,Lewis,27087,21041,8076,38.38%,Finger Lakes Donor Recovery Network,"(43.785537, -75.446296)"
2015,8,Livingston,65393,50797,17570,34.59%,Finger Lakes Donor Recovery Network,"(42.763754, -77.765392)"
2015,8,Madison,73442,57050,19551,34.27%,Finger Lakes Donor Recovery Network,"(42.986917, -75.720031)"
2015,8,Monroe,744344,578206,176628,30.55%,Finger Lakes Donor Recovery Network,"(43.161748, -77.620143)"
2015,8,Montgomery,50219,39010,10644,27.29%,Center for Donation and Transplant in New York,"(42.933637, -74.341972)"
2015,8,Nassau,1339532,1040548,229563,22.06%,New York Organ Donor Network,"(40.715749, -73.601185)"
2015,8,New York,1585873,1231906,414673,33.66%,New York Organ Donor Network,"(40.726966, -74.005966)"
2015,8,Niagara,216469,168153,67555,40.17%,UNYTS,"(43.134634, -78.856419)"
2015,8,Oneida,234878,182453,37037,20.3%,Center for Donation and Transplant in New York,"(43.149482, -75.361773)"
2015,8,Onondaga,467026,362786,122477,33.76%,Finger Lakes Donor Recovery Network,"(43.065629, -76.168033)"
2015,8,Ontario,107931,83841,34354,40.98%,Finger Lakes Donor Recovery Network,"(42.894571, -77.252045)"
2015,8,Orange,372813,289601,75227,25.98%,New York Organ Donor Network,"(41.422459, -74.241929)"
2015,8,Orleans,42883,33312,3289,9.87%,UNYTS,"(43.248394, -78.218438)"
2015,8,Oswego,122109,94854,28873,30.44%,Finger Lakes Donor Recovery Network,"(43.39123, -76.31133)"
2015,8,Otsego,62259,48363,16792,34.72%,Center for Donation and Transplant in New York,"(42.564852, -75.060334)"
2015,8,Out of State,0,0,179,0%,,
2015,8,Putnam,99710,77455,25741,33.23%,New York Organ Donor Network,"(41.41131, -73.717443)"
2015,8,Queens,2230722,1732825,224652,12.96%,New York Organ Donor Network,"(40.749338, -73.789673)"
2015,8,Rensselaer,159429,123844,39401,31.82%,Center for Donation and Transplant in New York,"(42.70098, -73.628669)"
2015,8,Richmond,468730,364109,62814,17.25%,New York Organ Donor Network,"(40.566763, -74.148102)"
2015,8,Rockland,311687,242118,50572,20.89%,New York Organ Donor Network,"(41.127287, -74.017033)"
2015,8,Saratoga,219607,170591,75509,44.26%,Center for Donation and Transplant in New York,"(43.00894, -73.786779)"
2015,8,Schenectady,154727,120192,43888,36.51%,Center for Donation and Transplant in New York,"(42.809233, -73.946838)"
2015,8,Schoharie,32749,25439,8698,34.19%,Center for Donation and Transplant in New York,"(42.643426, -74.434606)"
2015,8,Schuyler,18343,14249,5090,35.72%,Finger Lakes Donor Recovery Network,"(42.38593, -76.872032)"
2015,8,Seneca,35251,27383,4929,18%,Finger Lakes Donor Recovery Network,"(42.833627, -76.82753)"
2015,8,St Lawrence,111944,86958,21161,24.33%,Center for Donation and Transplant in New York,"(44.689468, -75.242045)"
2015,8,Steuben,98990,76895,27433,35.68%,Finger Lakes Donor Recovery Network,"(42.270053, -77.324618)"
2015,8,Suffolk,1493350,1160034,322668,27.82%,New York Organ Donor Network,"(40.820237, -73.119032)"
2015,8,Sullivan,77547,60239,15276,25.36%,Center for Donation and Transplant in New York,"(41.705166, -74.711705)"
2015,8,Tioga,51125,39714,14118,35.55%,Center for Donation and Transplant in New York,"(42.120252, -76.29595)"
2015,8,Tompkins,101564,78895,39360,49.89%,Finger Lakes Donor Recovery Network,"(42.461024, -76.478784)"
2015,8,Ulster,182493,141761,44274,31.23%,Center for Donation and Transplant in New York,"(41.848374, -74.099412)"
2015,8,Unknown,0,0,21178,0%,,
2015,8,Warren,65707,51041,14043,27.51%,Center for Donation and Transplant in New York,"(43.403024, -73.716044)"
2015,8,Washington,63216,49106,14674,29.88%,Center for Donation and Transplant in New York,"(43.289513, -73.454761)"
2015,8,Wayne,93772,72842,21370,29.34%,Finger Lakes Donor Recovery Network,"(43.144336, -77.117995)"
2015,8,Westchester,949113,737271,175803,23.85%,New York Organ Donor Network,"(41.039278, -73.805386)"
2015,8,Wyoming,42155,32746,11904,36.35%,UNYTS,"(42.723641, -78.204473)"
2015,8,Yates,25348,19690,6789,34.48%,Finger Lakes Donor Recovery Network,"(42.634338, -77.078311)"
2015,8,TOTAL NYS,19378102,15052907,3788459,25.17%,,
